{
  "menu": [
    {
      "label": "Home",
      "id": "1000",
      "isSelected": true,
      "type": "list",
      "content_type": [
        "free",
        "private"
      ],
      "sort": "rating",
      "isShowPromotion": true
    },
    {
      "label": "Special art",
      "id": "5000",
      "isSelected": false,
      "type": "ai",
      "content_type": [
        "private"
      ],
      "sort": "rating",
      "isShowPromotion": false
    },
    {
      "label": "Exclusive",
      "id": "5000",
      "isSelected": false,
      "type": "special",
      "content_type": [
        "private"
      ],
      "sort": "rating",
      "isShowPromotion": false
    },
    {
      "label": "New Trending",
      "id": "5000",
      "isSelected": false,
      "type": "other",
      "content_type": [
        "private"
      ],
      "sort": "rating",
      "isShowPromotion": false
    },
    {
      "label": "Charging Animation",
      "id": "1000",
      "isSelected": false,
      "type": "charging",
      "content_type": [
        "free",
        "private"
      ],
      "sort": "rating",
      "isShowPromotion": false
    },
    {
      "label": "Live",
      "id": "10000",
      "isSelected": false,
      "type": "live",
      "content_type": [
        "private"
      ],
      "sort": "rating",
      "isShowPromotion": false
    },
    {
      "label": "Category",
      "id": "1000",
      "isSelected": false,
      "type": "category",
      "content_type": [
        "free",
        "private"
      ],
      "sort": "rating",
      "isShowPromotion": false
    }
  ]
}