
[
  {
    "label": "1 minutes",
    "time": "60000"
  },
  {
    "label": "2 minutes",
    "time": "120000"
  },
  {
    "label": "3 minutes",
    "time": "180000"
  },
  {
    "label": "5 minutes",
    "time": "300000"
  },
  {
    "label": "10 minutes",
    "time": "600000"
  },
  {
    "label": "15 minutes",
    "time": "900000"
  },
  {
    "label": "30 minutes",
    "time": "1800000"
  },
  {
    "label": "45 minutes",
    "time": "2700000"
  },
  {
    "label": "60 minutes",
    "time": "3600000"
  },
  {
    "label": "3 hours",
    "time": "10800000"
  },
  {
    "label": "6 hours",
    "time": "21600000"
  },
  {
    "label": "12 hours",
    "time": "43200000"
  },
  {
    "label": "1 day",
    "time": "86400000"
  },
  {
    "label": "3 days",
    "time": "259200000"
  },
  {
    "label": "1 week",
    "time": "604800000"
  }

]