{
  "project_info": {
    "project_number": "1017848079121",
    "project_id": "wall-paper-469b5",
    "storage_bucket": "wall-paper-469b5.appspot.com"
  },
  "client": [
    {
      "client_info": {
        "mobilesdk_app_id": "1:1017848079121:android:e08b358dc1a836086622b0",
        "android_client_info": {
          "package_name": "com.wallpaper3d.wallpaperhd.wallpaper4k.livewallpaper"
        }
      },
      "oauth_client": [
        {
          "client_id": "1017848079121-dj0394g5n7tfb4e3kdopb3fp76th5uek.apps.googleusercontent.com",
          "client_type": 3
        }
      ],
      "api_key": [
        {
          "current_key": "AIzaSyAFHJeAdfKPyyDfiPQlRCrUY4vTTfnJ03s"
        }
      ],
      "services": {
        "appinvite_service": {
          "other_platform_oauth_client": [
            {
              "client_id": "1017848079121-dj0394g5n7tfb4e3kdopb3fp76th5uek.apps.googleusercontent.com",
              "client_type": 3
            }
          ]
        }
      }
    }
  ],
  "configuration_version": "1"
}